id,category,created_on,modified_on
1,eth2.0,2020-02-21T01:41:53.709-07:00,2020-02-21T01:41:53.709-07:00
2,community,2020-02-21T01:41:53.718-07:00,2020-02-21T01:41:53.718-07:00
3,education,2020-02-21T01:41:53.727-07:00,2020-02-21T01:41:53.727-07:00
4,security,2020-02-24T19:19:26.323-07:00,2020-02-24T19:19:26.323-07:00
5,defi,2020-02-25T06:27:58.897-07:00,2020-02-25T06:27:58.897-07:00
6,scalability,2020-02-26T18:02:06.608-07:00,2020-02-26T18:02:06.608-07:00
7,blog,2020-02-28T14:25:29.256-07:00,2020-02-28T14:25:29.257-07:00
8,eth1.x,2020-03-02T17:23:03.468-07:00,2020-03-02T17:23:03.468-07:00
9,wallets,2020-03-04T08:00:18.326-07:00,2020-03-04T08:00:18.326-07:00
10,COVID19 research,2020-03-14T09:57:40.992-06:00,2020-03-14T09:57:40.992-06:00
11,COVID19 response,2020-03-15T08:28:05.608-06:00,2020-03-15T08:28:05.608-06:00
12,twitter,2020-03-16T22:47:14.155-06:00,2020-03-16T22:47:14.155-06:00
13,reddit,2020-03-16T22:47:14.169-06:00,2020-03-16T22:47:14.169-06:00
14,notes,2020-03-23T03:57:12.056-06:00,2020-03-23T03:57:12.056-06:00
15,devEx,2020-06-30T14:49:31.187-06:00,2020-06-30T14:49:31.187-06:00
16,usability,2020-06-30T14:49:31.203-06:00,2020-06-30T14:49:31.203-06:00
17,L2,2020-09-15T09:03:55.000-06:00,2020-09-15T09:04:02.337-06:00
18,Mining,2020-10-01T11:05:39.000-06:00,2020-10-01T11:10:23.498-06:00
23,Identity,2020-11-30T01:14:05.000-07:00,2020-11-30T01:14:19.171-07:00
20,cryptography,2020-10-26T10:05:03.000-06:00,2020-10-26T10:05:15.433-06:00
21,Gaming,2020-10-27T05:23:55.000-06:00,2020-10-27T05:24:01.842-06:00
22,dStorage,2020-10-28T04:41:51.000-06:00,2020-10-28T04:42:10.075-06:00
24,launchpad,2021-01-29T09:48:01.000-07:00,2021-01-29T09:48:01.123-07:00
26,Infrastructure,2021-02-12T22:11:57.000-07:00,2021-02-12T22:12:04.906-07:00
27,NFTs,2021-02-12T22:12:11.000-07:00,2021-02-12T22:12:24.369-07:00
28,IoT,2021-02-12T22:12:29.000-07:00,2021-02-12T22:12:34.603-07:00
